{"cameraMode":{"drawMode":0,"name":"Shaded","section":"Shading Mode"},"sceneLighting":false,"audioPlay":false,"sceneViewState":{"m_AlwaysRefresh":false,"showFog":true,"showSkybox":false,"showFlares":true,"showImageEffects":true,"showParticleSystems":true,"showVisualEffectGraphs":true,"m_FxEnabled":true},"in2DMode":false,"pivot":{"x":4.668664932250977,"y":-0.19728431105613709,"z":-0.043782711029052737},"rotation":{"x":0.1115589514374733,"y":0.04321439936757088,"z":-0.004856200888752937,"w":0.9928041696548462},"size":1.114156723022461,"orthographic":false}