{"cameraMode":{"drawMode":0,"name":"Shaded","section":"Shading Mode"},"sceneLighting":false,"audioPlay":false,"sceneViewState":{"m_AlwaysRefresh":false,"showFog":true,"showSkybox":false,"showFlares":true,"showImageEffects":true,"showParticleSystems":true,"showVisualEffectGraphs":true,"m_FxEnabled":true},"in2DMode":false,"pivot":{"x":1.7476379871368409,"y":0.4625018537044525,"z":0.7249999046325684},"rotation":{"x":0.09608187526464462,"y":0.7520779967308044,"z":-0.11251188069581986,"w":0.642253577709198},"size":0.3770658075809479,"orthographic":true}